{
    "Strength": 0.05999999865889549,
    "Speed": 1.700000286102295
}